{"cameraMode":{"drawMode":0,"name":"Shaded","section":"Shading Mode"},"sceneLighting":true,"audioPlay":false,"sceneViewState":{"m_AlwaysRefresh":false,"showFog":true,"showSkybox":true,"showFlares":true,"showImageEffects":true,"showParticleSystems":true,"showVisualEffectGraphs":true,"m_FxEnabled":true},"in2DMode":false,"pivot":{"x":-3.8909876346588136,"y":4.642728805541992,"z":68.67063903808594},"rotation":{"x":-0.1689402163028717,"y":0.037599045783281329,"z":-0.006267037242650986,"w":-0.9852992296218872},"size":35.509483337402347,"orthographic":false}